NAME,COSMIC,TISSUE,TISSUE_SUB_TYPE
22RV1,924100,urogenital_system,prostate
23132-87,910924,digestive_system,stomach
5637,687452,urogenital_system,Bladder
639-V,906798,urogenital_system,Bladder
647-V,906797,urogenital_system,Bladder
697,906800,blood,lymphoblastic_leukemia
769-P,910922,kidney,kidney
786-0,905947,kidney,kidney
8-MG-BA,687562,nervous_system,glioma
8305C,906795,thyroid,thyroid
8505C,924102,thyroid,thyroid
A101D,910921,skin,melanoma
A172,687563,nervous_system,glioma
A204,910784,soft_tissue,rhabdomyosarcoma
A2058,906792,skin,melanoma
A253,906794,aero_digestive_tract,head_and_neck
A2780,906804,urogenital_system,ovary
A3-KAW,910935,blood,B_cell_lymphoma
A375,906793,skin,melanoma
A388,910697,skin,skin_other
A4-Fuk,910934,blood,B_cell_lymphoma
A427,910851,lung,lung_NSCLC_not_specified
A431,910925,skin,skin_other
A498,905948,kidney,kidney
A549,905949,lung,lung_NSCLC_adenocarcinoma
A673,684052,soft_tissue,rhabdomyosarcoma
A704,910920,kidney,kidney
ABC-1,906791,lung,lung_NSCLC_adenocarcinoma
ACHN,905950,kidney,kidney
ACN,906803,nervous_system,neuroblastoma
AGS,906790,digestive_system,stomach
ALL-PO,910944,blood,lymphoblastic_leukemia
AM-38,910933,nervous_system,glioma
AN3-CA,910781,urogenital_system,endometrium
ARH-77,906765,blood,Myeloma
ATN-1,910687,blood,lymphoblastic_T_cell_leukaemia
AU565,910704,breast,breast
AsPC-1,910702,pancreas,pancreas
BALL-1,910705,blood,B_cell_leukemia
BB30-HNC,753531,aero_digestive_tract,head_and_neck
BB49-HNC,753532,aero_digestive_tract,head_and_neck
BB65-RCC,753533,kidney,kidney
BC-1,910919,blood,B_cell_lymphoma
BC-3,910918,blood,B_cell_lymphoma
BCPAP,924104,thyroid,thyroid
BE-13,906763,blood,lymphoblastic_leukemia
BEN,753534,lung,lung_NSCLC_not_specified
BFTC-905,910926,urogenital_system,Bladder
BFTC-909,910698,kidney,kidney
BHT-101,906696,thyroid,thyroid
BHY,753535,aero_digestive_tract,head_and_neck
BL-41,910706,blood,Burkitt_lymphoma
BL-70,910707,blood,Burkitt_lymphoma
BOKU,753536,urogenital_system,cervix
BPH-1,924105,urogenital_system,prostate
BT-20,906801,breast,breast
BT-474,946359,breast,breast
BT-549,905951,breast,breast
BV-173,910710,blood,chronic_myeloid_leukaemia
Becker,906746,nervous_system,glioma
BxPC-3,906693,pancreas,pancreas
C-33-A,687505,urogenital_system,cervix
C2BBe1,910700,digestive_system,large_intestine
C32,906830,skin,melanoma
C3A,910850,digestive_system,liver
CA46,910703,blood,Burkitt_lymphoma
CAKI-1,905963,kidney,kidney
CAL-120,906826,breast,breast
CAL-12T,753540,lung,lung_NSCLC_not_specified
CAL-148,924106,breast,breast
CAL-27,910916,aero_digestive_tract,head_and_neck
CAL-33,753541,aero_digestive_tract,head_and_neck
CAL-39,924107,urogenital_system,cervix
CAL-51,910927,breast,breast
CAL-54,910952,kidney,kidney
CAL-62,906828,thyroid,thyroid
CAL-72,906827,bone,osteosarcoma
CAL-85-1,910852,breast,breast
CAMA-1,946382,breast,breast
CAPAN-1,753624,pancreas,pancreas
CAS-1,910943,nervous_system,glioma
CCF-STTG1,906823,nervous_system,glioma
CCRF-CEM,905952,blood,lymphoblastic_leukemia
CESS,910688,blood,acute_myeloid_leukaemia
CFPAC-1,906821,pancreas,pancreas
CGTH-W-1,910568,thyroid,thyroid
CHL-1,910853,skin,melanoma
CHP-126,910567,nervous_system,neuroblastoma
CHP-134,910941,nervous_system,neuroblastoma
CHP-212,906820,nervous_system,neuroblastoma
CMK,910566,blood,acute_myeloid_leukaemia
COLO-205,905961,digestive_system,large_intestine
COLO-320-HSR,910569,digestive_system,large_intestine
COLO-668,910692,lung,lung_small_cell_carcinoma
COLO-678,910689,digestive_system,large_intestine
COLO-679,906818,skin,melanoma
COLO-680N,906817,aero_digestive_tract,oesophagus
COLO-684,910691,urogenital_system,endometrium
COLO-741,906815,digestive_system,large_intestine
COLO-792,906814,skin,melanoma
COLO-800,906813,skin,melanoma
COLO-824,906812,breast,breast
COLO-829,687448,skin,melanoma
COR-L105,906805,lung,lung_NSCLC_adenocarcinoma
COR-L23,687780,lung,lung_NSCLC_large_cell
COR-L279,910937,lung,lung_small_cell_carcinoma
COR-L88,906808,lung,lung_small_cell_carcinoma
CP50-MEL-B,753545,skin,melanoma
CP66-MEL,753546,skin,melanoma
CP67-MEL,949092,skin,melanoma
CPC-N,753547,lung,lung_small_cell_carcinoma
CRO-AP2,906807,blood,B_cell_lymphoma
CTB-1,949088,blood,B_cell_lymphoma
CTV-1,753548,blood,acute_myeloid_leukaemia
CW-2,910554,digestive_system,large_intestine
Ca-Ski,906824,urogenital_system,cervix
Ca9-22,753538,aero_digestive_tract,head_and_neck
CaR-1,924108,digestive_system,large_intestine
Calu-1,724858,lung,lung_NSCLC_adenocarcinoma
Calu-3,687777,lung,lung_NSCLC_adenocarcinoma
Calu-6,724859,lung,lung_NSCLC_adenocarcinoma
Caov-3,906825,urogenital_system,ovary
Caov-4,949090,urogenital_system,ovary
Capan-2,910915,pancreas,pancreas
ChaGo-K-1,687596,lung,lung_NSCLC_not_specified
D-247MG,946367,nervous_system,glioma
D-263MG,946368,nervous_system,glioma
D-283MED,906834,nervous_system,medulloblastoma
D-336MG,946369,nervous_system,glioma
D-392MG,946370,nervous_system,glioma
D-423MG,946372,nervous_system,glioma
D-502MG,946373,nervous_system,glioma
D-542MG,753549,nervous_system,glioma
D-566MG,946377,nervous_system,glioma
DB,906832,blood,B_cell_lymphoma
DBTRG-05MG,906835,nervous_system,glioma
DEL,906836,blood,lymphoid_neoplasm_other
DG-75,906838,blood,Burkitt_lymphoma
DJM-1,906841,skin,skin_other
DK-MG,906839,nervous_system,glioma
DMS-114,687983,lung,lung_small_cell_carcinoma
DMS-153,687984,lung,lung_small_cell_carcinoma
DMS-273,687985,lung,lung_small_cell_carcinoma
DMS-53,907295,lung,lung_small_cell_carcinoma
DMS-79,753551,lung,lung_small_cell_carcinoma
DOHH-2,906842,blood,B_cell_lymphoma
DOK,910936,aero_digestive_tract,head_and_neck
DSH1,753552,urogenital_system,Bladder
DU-145,905935,urogenital_system,prostate
DU-4475,906844,breast,breast
DV-90,753553,lung,lung_NSCLC_adenocarcinoma
Daoy,906833,nervous_system,medulloblastoma
Daudi,906831,blood,Burkitt_lymphoma
Detroit562,906837,aero_digestive_tract,head_and_neck
DoTc2-4510,906843,urogenital_system,cervix
EB-3,906847,blood,Burkitt_lymphoma
EB2,906846,blood,Burkitt_lymphoma
EC-GI-10,753555,aero_digestive_tract,oesophagus
ECC10,906848,digestive_system,stomach
ECC12,906849,digestive_system,stomach
ECC4,906850,digestive_system,digestive_system_other
EFE-184,924109,urogenital_system,endometrium
EFM-19,906851,breast,breast
EFO-21,911905,urogenital_system,ovary
EFO-27,906852,urogenital_system,ovary
EGI-1,906853,digestive_system,biliary_tract
EHEB,906854,blood,lymphoid_neoplasm_other
EKVX,905970,lung,lung_NSCLC_adenocarcinoma
EM-2,906855,blood,chronic_myeloid_leukaemia
EPLC-272H,753556,lung,lung_NSCLC_squamous_cell_carcinoma
ES1,949158,bone,ewings_sarcoma
ES3,684055,bone,ewings_sarcoma
ES4,949156,bone,ewings_sarcoma
ES5,684057,bone,ewings_sarcoma
ES6,949157,bone,ewings_sarcoma
ES7,684059,bone,ewings_sarcoma
ES8,949155,bone,ewings_sarcoma
ESS-1,907000,urogenital_system,endometrium
ETK-1,906861,digestive_system,biliary_tract
EVSA-T,906862,breast,breast
EW-1,949163,bone,ewings_sarcoma
EW-11,684062,bone,ewings_sarcoma
EW-12,949162,bone,ewings_sarcoma
EW-13,949166,bone,ewings_sarcoma
EW-16,949165,bone,ewings_sarcoma
EW-18,949164,bone,ewings_sarcoma
EW-22,949167,bone,ewings_sarcoma
EW-24,949168,bone,ewings_sarcoma
EW-3,949161,bone,ewings_sarcoma
EW-7,949160,bone,ewings_sarcoma
EoL-1-cell,906856,blood,haematopoietic_neoplasm_other
FADU,906863,aero_digestive_tract,head_and_neck
FTC-133,906864,thyroid,thyroid
G-361,906865,skin,melanoma
G-401,907299,kidney,kidney
G-402,907298,soft_tissue,soft_tissue_other
GAK,910932,skin,melanoma
GAMG,906868,nervous_system,glioma
GB-1,687568,nervous_system,glioma
GCIY,906869,digestive_system,stomach
GCT,906999,soft_tissue,soft_tissue_other
GDM-1,906870,blood,acute_myeloid_leukaemia
GI-1,906871,nervous_system,glioma
GI-ME-N,906872,nervous_system,neuroblastoma
GMS-10,906873,nervous_system,glioma
GOTO,906875,nervous_system,neuroblastoma
GP5d,907291,digestive_system,large_intestine
GR-ST,906877,blood,lymphoblastic_leukemia
GT3TKB,907041,digestive_system,stomach
H-EMC-SS,907290,bone,chondrosarcoma
H4,907042,nervous_system,glioma
H9,907043,blood,lymphoid_neoplasm_other
HAL-01,949153,blood,lymphoblastic_leukemia
HC-1,907044,blood,hairy_cell_leukaemia
HCC1143,749710,breast,breast
HCC1187,749711,breast,breast
HCC1395,749712,breast,breast
HCC1419,907045,breast,breast
HCC1569,907046,breast,breast
HCC1599,749713,breast,breast
HCC1806,907047,breast,breast
HCC1937,749714,breast,breast
HCC1954,749709,breast,breast
HCC2157,749715,breast,breast
HCC2218,749716,breast,breast
HCC2998,905971,digestive_system,large_intestine
HCC38,749717,breast,breast
HCC70,907048,breast,breast
HCE-4,753559,aero_digestive_tract,oesophagus
HCT-116,905936,digestive_system,large_intestine
HCT-15,905937,digestive_system,large_intestine
HD-MY-Z,907050,blood,Hodgkin_lymphoma
HDLM-2,924110,blood,Hodgkin_lymphoma
HEC-1,907051,urogenital_system,endometrium
HEL,907053,blood,acute_myeloid_leukaemia
HGC-27,907055,digestive_system,stomach
HH,907056,blood,T_cell_leukemia
HL-60,905938,blood,acute_myeloid_leukaemia
HLE,907057,digestive_system,liver
HMV-II,907058,skin,melanoma
HN,907059,aero_digestive_tract,head_and_neck
HO-1-N-1,924111,aero_digestive_tract,head_and_neck
HOP-62,905972,lung,lung_NSCLC_adenocarcinoma
HOP-92,905973,lung,lung_NSCLC_large_cell
HOS,907060,bone,osteosarcoma
HPAF-II,724869,pancreas,pancreas
HSC-2,753562,aero_digestive_tract,head_and_neck
HSC-3,907061,aero_digestive_tract,head_and_neck
HSC-4,907062,aero_digestive_tract,head_and_neck
HT,907063,blood,B_cell_lymphoma
HT-1080,907064,soft_tissue,fibrosarcoma
HT-1197,907065,urogenital_system,Bladder
HT-1376,907066,urogenital_system,Bladder
HT-144,907067,skin,melanoma
HT-29,905939,digestive_system,large_intestine
HT-3,907068,urogenital_system,cervix
HT55,907287,digestive_system,large_intestine
HTC-C3,924151,thyroid,thyroid
HUTU-80,907073,digestive_system,digestive_system_other
Hs-578-T,905957,breast,breast
HuCCT1,907069,digestive_system,biliary_tract
HuH-7,907071,digestive_system,liver
HuO-3N1,909977,bone,osteosarcoma
HuO9,907072,bone,osteosarcoma
HuP-T3,907285,pancreas,pancreas
HuP-T4,907286,pancreas,pancreas
IA-LM,910779,lung,lung_NSCLC_large_cell
IGR-1,907169,skin,melanoma
IGROV-1,905968,urogenital_system,ovary
IM-9,753563,blood,Myeloma
IMR-5,907170,nervous_system,neuroblastoma
IPC-298,907171,skin,melanoma
IST-MEL1,907172,skin,melanoma
IST-MES1,907173,lung,mesothelioma
IST-SL1,753564,lung,lung_small_cell_carcinoma
IST-SL2,753565,lung,lung_small_cell_carcinoma
J-RT3-T3-5,907391,blood,lymphoblastic_T_cell_leukaemia
J82,753566,urogenital_system,Bladder
JAR,907175,urogenital_system,urogenital_system_other
JEG-3,907176,urogenital_system,urogenital_system_other
JVM-2,907269,blood,lymphoid_neoplasm_other
JVM-3,907270,blood,lymphoid_neoplasm_other
JiyoyeP-2003,907268,blood,Burkitt_lymphoma
K-562,905940,blood,chronic_myeloid_leukaemia
K052,907284,blood,acute_myeloid_leukaemia
K5,924238,thyroid,thyroid
KALS-1,907271,nervous_system,glioma
KARPAS-299,907273,blood,anaplastic_large_cell_lymphoma
KARPAS-422,907274,blood,B_cell_lymphoma
KARPAS-45,907272,blood,lymphoblastic_leukemia
KASUMI-1,907275,blood,acute_myeloid_leukaemia
KE-37,907277,blood,lymphoblastic_leukemia
KG-1,907278,blood,acute_myeloid_leukaemia
KGN,924186,urogenital_system,ovary
KINGS-1,907279,nervous_system,glioma
KLE,924187,urogenital_system,endometrium
KM-H2,909976,blood,Hodgkin_lymphoma
KM12,905989,digestive_system,large_intestine
KMOE-2,907280,blood,acute_myeloid_leukaemia
KNS-42,907282,nervous_system,glioma
KNS-62,753569,lung,lung_NSCLC_squamous_cell_carcinoma
KNS-81-FD,924188,nervous_system,glioma
KOSC-2,753570,aero_digestive_tract,head_and_neck
KP-4,753572,pancreas,pancreas
KP-N-RT-BM-1,924189,nervous_system,neuroblastoma
KP-N-YN,907314,nervous_system,neuroblastoma
KP-N-YS,946363,nervous_system,neuroblastoma
KS-1,907313,nervous_system,glioma
KU-19-19,907312,urogenital_system,Bladder
KU812,907311,blood,chronic_myeloid_leukaemia
KURAMOCHI,909975,urogenital_system,ovary
KY821,907300,blood,leukemia
KYSE-140,753573,aero_digestive_tract,oesophagus
KYSE-150,907317,aero_digestive_tract,oesophagus
KYSE-180,907318,aero_digestive_tract,oesophagus
KYSE-270,907319,aero_digestive_tract,oesophagus
KYSE-410,753574,aero_digestive_tract,oesophagus
KYSE-450,907320,aero_digestive_tract,oesophagus
KYSE-510,907321,aero_digestive_tract,oesophagus
KYSE-520,753575,aero_digestive_tract,oesophagus
KYSE-70,753576,aero_digestive_tract,oesophagus
L-363,924239,blood,Myeloma
L-428,907322,blood,Hodgkin_lymphoma
L-540,907323,blood,Hodgkin_lymphoma
LAMA-84,907783,blood,chronic_myeloid_leukaemia
LAN-6,949170,nervous_system,neuroblastoma
LB1047-RCC,753577,kidney,kidney
LB2241-RCC,753578,kidney,kidney
LB2518-MEL,753579,skin,melanoma
LB373-MEL-D,753581,skin,melanoma
LB647-SCLC,753582,lung,lung_small_cell_carcinoma
LB771-HNC,753583,aero_digestive_tract,head_and_neck
LB831-BLC,753584,urogenital_system,Bladder
LB996-RCC,753585,kidney,kidney
LC-1F,907785,lung,lung_NSCLC_squamous_cell_carcinoma
LC-2-ad,907786,lung,lung_NSCLC_adenocarcinoma
LC4-1,907787,blood,lymphoblastic_leukemia
LCLC-103H,753586,lung,lung_NSCLC_large_cell
LCLC-97TM1,946361,lung,lung_NSCLC_large_cell
LK-2,687787,lung,lung_NSCLC_squamous_cell_carcinoma
LN-405,910694,nervous_system,glioma
LNCaP-Clone-FGC,907788,urogenital_system,prostate
LOUCY,907789,blood,lymphoblastic_T_cell_leukaemia
LOXIMVI,905974,skin,melanoma
LP-1,907791,blood,Myeloma
LS-1034,917486,digestive_system,large_intestine
LS-123,907792,digestive_system,large_intestine
LS-411N,907794,digestive_system,large_intestine
LS-513,907795,digestive_system,large_intestine
LU-134-A,753588,lung,lung_small_cell_carcinoma
LU-135,713899,lung,lung_small_cell_carcinoma
LU-139,713878,lung,lung_small_cell_carcinoma
LU-165,753589,lung,lung_small_cell_carcinoma
LU-65,724863,lung,lung_NSCLC_large_cell
LU-99A,907796,lung,lung_NSCLC_large_cell
LXF-289,753592,lung,lung_NSCLC_adenocarcinoma
LoVo,907790,digestive_system,large_intestine
M059J,949094,nervous_system,glioma
M14,905975,skin,melanoma
MC-CAR,683665,blood,haematopoietic_neoplasm_other
MC-IXC,908118,nervous_system,neuroblastoma
MC116,907799,blood,B_cell_lymphoma
MCF7,905946,breast,breast
MDA-MB-134-VI,908119,breast,breast
MDA-MB-157,925338,breast,breast
MDA-MB-175-VII,908120,breast,breast
MDA-MB-231,905960,breast,breast
MDA-MB-361,908121,breast,breast
MDA-MB-415,924240,breast,breast
MDA-MB-453,908122,breast,breast
MDA-MB-468,908123,breast,breast
ME-180,687514,urogenital_system,cervix
MEG-01,908126,blood,chronic_myeloid_leukaemia
MEL-HO,908124,skin,melanoma
MEL-JUSO,908125,skin,melanoma
MES-SA,908127,urogenital_system,uterus
MFE-280,908129,urogenital_system,endometrium
MFE-296,908130,urogenital_system,endometrium
MFH-ino,925343,soft_tissue,soft_tissue_other
MFM-223,910948,breast,breast
MG-63,908131,bone,osteosarcoma
MHH-CALL-2,908132,blood,B_cell_leukemia
MHH-ES-1,908134,bone,ewings_sarcoma
MHH-NB-11,908135,nervous_system,neuroblastoma
MHH-PREB-1,908136,blood,B_cell_leukemia
MIA-PaCa-2,724870,pancreas,pancreas
MKN1,908138,digestive_system,stomach
MKN28,908139,digestive_system,stomach
MKN45,925340,digestive_system,stomach
MKN7,924250,digestive_system,stomach
ML-2,908141,blood,acute_myeloid_leukaemia
MLMA,908142,blood,hairy_cell_leukaemia
MMAC-SF,925339,skin,melanoma
MN-60,908143,blood,B_cell_leukemia
MOLT-13,908146,blood,lymphoblastic_T_cell_leukaemia
MOLT-16,908147,blood,lymphoblastic_T_cell_leukaemia
MOLT-4,905958,blood,lymphoblastic_leukemia
MONO-MAC-6,908148,blood,acute_myeloid_leukaemia
MPP-89,908150,lung,mesothelioma
MRK-nu-1,908151,breast,breast
MS-1,753594,lung,lung_small_cell_carcinoma
MSTO-211H,908152,lung,mesothelioma
MV-4-11,908156,blood,leukemia
MZ1-PC,753595,pancreas,pancreas
MZ2-MEL,971777,skin,melanoma
MZ7-mel,753596,skin,melanoma
Mewo,908128,skin,melanoma
Mo-T,908149,blood,hairy_cell_leukaemia
NALM-6,908158,blood,B_cell_leukemia
NB1,949179,nervous_system,neuroblastoma
NB10,949171,nervous_system,neuroblastoma
NB12,949172,nervous_system,neuroblastoma
NB13,949177,nervous_system,neuroblastoma
NB14,949178,nervous_system,neuroblastoma
NB17,949175,nervous_system,neuroblastoma
NB5,949176,nervous_system,neuroblastoma
NB6,949173,nervous_system,neuroblastoma
NB69,908440,nervous_system,neuroblastoma
NB7,949174,nervous_system,neuroblastoma
NBsusSR,925342,nervous_system,neuroblastoma
NCI-H1048,687995,lung,lung_small_cell_carcinoma
NCI-H1092,687997,lung,lung_small_cell_carcinoma
NCI-H1155,908467,lung,lung_NSCLC_large_cell
NCI-H128,753597,lung,lung_small_cell_carcinoma
NCI-H1299,724831,lung,lung_NSCLC_large_cell
NCI-H1304,753599,lung,lung_small_cell_carcinoma
NCI-H1355,724866,lung,lung_NSCLC_adenocarcinoma
NCI-H1395,684681,lung,lung_NSCLC_adenocarcinoma
NCI-H1417,688001,lung,lung_small_cell_carcinoma
NCI-H1436,908469,lung,lung_small_cell_carcinoma
NCI-H1437,687794,lung,lung_NSCLC_adenocarcinoma
NCI-H1522,908464,lung,lung_small_cell_carcinoma
NCI-H1563,753600,lung,lung_NSCLC_adenocarcinoma
NCI-H1573,908472,lung,lung_NSCLC_adenocarcinoma
NCI-H1581,908471,lung,lung_NSCLC_large_cell
NCI-H1618,753601,lung,lung_small_cell_carcinoma
NCI-H1623,687798,lung,lung_NSCLC_adenocarcinoma
NCI-H1648,687799,lung,lung_NSCLC_adenocarcinoma
NCI-H1650,687800,lung,lung_NSCLC_adenocarcinoma
NCI-H1651,910900,lung,lung_NSCLC_adenocarcinoma
NCI-H1666,908473,lung,lung_NSCLC_adenocarcinoma
NCI-H1693,687802,lung,lung_NSCLC_adenocarcinoma
NCI-H1694,688006,lung,lung_small_cell_carcinoma
NCI-H1703,908474,lung,lung_NSCLC_adenocarcinoma
NCI-H1734,722058,lung,lung_NSCLC_adenocarcinoma
NCI-H1755,908475,lung,lung_NSCLC_adenocarcinoma
NCI-H1770,687804,lung,lung_NSCLC_not_specified
NCI-H1792,724868,lung,lung_NSCLC_adenocarcinoma
NCI-H1793,908463,lung,lung_NSCLC_adenocarcinoma
NCI-H1838,687807,lung,lung_NSCLC_adenocarcinoma
NCI-H187,688007,lung,lung_small_cell_carcinoma
NCI-H1963,688010,lung,lung_small_cell_carcinoma
NCI-H1975,924244,lung,lung_NSCLC_adenocarcinoma
NCI-H1993,908476,lung,lung_NSCLC_adenocarcinoma
NCI-H2009,724873,lung,lung_NSCLC_adenocarcinoma
NCI-H2029,688011,lung,lung_small_cell_carcinoma
NCI-H2030,722045,lung,lung_NSCLC_adenocarcinoma
NCI-H2052,688058,lung,mesothelioma
NCI-H2081,908480,lung,lung_small_cell_carcinoma
NCI-H2087,724834,lung,lung_NSCLC_adenocarcinoma
NCI-H209,688013,lung,lung_small_cell_carcinoma
NCI-H2107,924246,lung,lung_small_cell_carcinoma
NCI-H2122,722046,lung,lung_NSCLC_adenocarcinoma
NCI-H2126,687814,lung,lung_NSCLC_adenocarcinoma
NCI-H2141,688014,lung,lung_small_cell_carcinoma
NCI-H2170,687815,lung,lung_NSCLC_squamous_cell_carcinoma
NCI-H2171,688015,lung,lung_small_cell_carcinoma
NCI-H2196,908481,lung,lung_small_cell_carcinoma
NCI-H2227,688018,lung,lung_small_cell_carcinoma
NCI-H2228,687816,lung,lung_NSCLC_adenocarcinoma
NCI-H226,905941,lung,lung_NSCLC_squamous_cell_carcinoma
NCI-H2291,724874,lung,lung_NSCLC_adenocarcinoma
NCI-H23,905942,lung,lung_NSCLC_adenocarcinoma
NCI-H2342,687819,lung,lung_NSCLC_adenocarcinoma
NCI-H2347,687820,lung,lung_NSCLC_adenocarcinoma
NCI-H2405,687821,lung,lung_NSCLC_adenocarcinoma
NCI-H2452,908462,lung,mesothelioma
NCI-H250,924241,lung,lung_small_cell_carcinoma
NCI-H28,908470,lung,mesothelioma
NCI-H292,753604,lung,lung_NSCLC_adenocarcinoma
NCI-H322M,905967,lung,lung_NSCLC_adenocarcinoma
NCI-H345,688021,lung,lung_small_cell_carcinoma
NCI-H358,908465,lung,lung_NSCLC_adenocarcinoma
NCI-H378,688022,lung,lung_small_cell_carcinoma
NCI-H441,908460,lung,lung_NSCLC_adenocarcinoma
NCI-H446,688023,lung,lung_small_cell_carcinoma
NCI-H460,905943,lung,lung_NSCLC_large_cell
NCI-H510A,753605,lung,lung_small_cell_carcinoma
NCI-H520,908443,lung,lung_NSCLC_squamous_cell_carcinoma
NCI-H522,905944,lung,lung_NSCLC_adenocarcinoma
NCI-H524,908483,lung,lung_small_cell_carcinoma
NCI-H526,688025,lung,lung_small_cell_carcinoma
NCI-H596,908459,lung,lung_NSCLC_adenocarcinoma
NCI-H630,908482,digestive_system,large_intestine
NCI-H64,688026,lung,lung_small_cell_carcinoma
NCI-H650,722066,lung,lung_NSCLC_adenocarcinoma
NCI-H661,687829,lung,lung_NSCLC_large_cell
NCI-H69,688027,lung,lung_small_cell_carcinoma
NCI-H716,908458,digestive_system,large_intestine
NCI-H719,924242,lung,lung_small_cell_carcinoma
NCI-H720,687600,lung,lung_NSCLC_carcinoid
NCI-H727,724855,lung,lung_NSCLC_carcinoid
NCI-H747,908457,digestive_system,large_intestine
NCI-H748,909194,lung,lung_small_cell_carcinoma
NCI-H810,925341,lung,lung_NSCLC_large_cell
NCI-H82,688031,lung,lung_small_cell_carcinoma
NCI-H838,910399,lung,lung_NSCLC_adenocarcinoma
NCI-N87,908461,digestive_system,stomach
NCI-SNU-1,908444,digestive_system,stomach
NCI-SNU-16,908446,digestive_system,stomach
NCI-SNU-5,908445,digestive_system,stomach
NEC8,910942,urogenital_system,testis
NH-12,908447,nervous_system,neuroblastoma
NKM-1,908448,blood,acute_myeloid_leukaemia
NMC-G1,908449,nervous_system,glioma
NOMO-1,908451,blood,acute_myeloid_leukaemia
NOS-1,925345,bone,osteosarcoma
NTERA-S-cl-D1,908454,urogenital_system,testis
NUGC-3,908455,digestive_system,stomach
NY,910849,bone,osteosarcoma
OAW-28,946360,urogenital_system,ovary
OAW-42,910548,urogenital_system,ovary
OC-314,909257,urogenital_system,ovary
OCI-AML2,910947,blood,acute_myeloid_leukaemia
OCUB-M,909256,breast,breast
OE19,910079,aero_digestive_tract,oesophagus
OE33,910549,aero_digestive_tract,oesophagus
OMC-1,949154,urogenital_system,cervix
ONS-76,909248,nervous_system,medulloblastoma
OPM-2,909249,blood,Myeloma
OS-RC-2,909250,kidney,kidney
OVCAR-3,905933,urogenital_system,ovary
OVCAR-4,905990,urogenital_system,ovary
OVCAR-5,905969,urogenital_system,ovary
OVCAR-8,905991,urogenital_system,ovary
P12-ICHIKAWA,909251,blood,lymphoblastic_T_cell_leukaemia
P30-OHK,909252,blood,lymphoblastic_leukemia
P31-FUJ,909253,blood,acute_myeloid_leukaemia
PA-1,909255,urogenital_system,ovary
PANC-03-27,925346,pancreas,pancreas
PANC-08-13,925347,pancreas,pancreas
PANC-10-05,925348,pancreas,pancreas
PC-14,753608,lung,lung_NSCLC_adenocarcinoma
PC-3,905934,urogenital_system,prostate
PF-382,909260,blood,lymphoblastic_T_cell_leukaemia
PFSK-1,683667,nervous_system,medulloblastoma
PLC-PRF-5,925349,digestive_system,liver
PSN1,910546,pancreas,pancreas
QIMR-WIL,910545,blood,acute_myeloid_leukaemia
RCC10RGB,909974,kidney,kidney
RCM-1,909263,digestive_system,large_intestine
RD,909264,soft_tissue,rhabdomyosarcoma
REH,909696,blood,B_cell_leukemia
RERF-LC-MS,910931,lung,lung_NSCLC_adenocarcinoma
RH-1,971773,soft_tissue,rhabdomyosarcoma
RH-18,971774,soft_tissue,rhabdomyosarcoma
RKO,909698,digestive_system,large_intestine
RL,910861,blood,B_cell_lymphoma
RL95-2,930082,urogenital_system,endometrium
RMG-I,909699,urogenital_system,ovary
RO82-W-1,930083,thyroid,thyroid
RPMI-2650,909700,aero_digestive_tract,head_and_neck
RPMI-6666,909701,blood,Hodgkin_lymphoma
RPMI-7951,910903,skin,melanoma
RPMI-8226,905964,blood,Myeloma
RPMI-8402,909702,blood,lymphoblastic_T_cell_leukaemia
RPMI-8866,910544,blood,chronic_myeloid_leukaemia
RS4-11,909703,blood,leukemia
RT-112,909704,urogenital_system,Bladder
RT4,687455,urogenital_system,Bladder
RVH-421,909706,skin,melanoma
RXF393,905978,kidney,kidney
Raji,909262,blood,Burkitt_lymphoma
Ramos-2G6-4C10,910401,blood,Burkitt_lymphoma
S-117,910946,thyroid,thyroid
SAS,909708,aero_digestive_tract,head_and_neck
SBC-1,713885,lung,lung_small_cell_carcinoma
SBC-5,713880,lung,lung_small_cell_carcinoma
SCC-15,910911,aero_digestive_tract,head_and_neck
SCC-25,910701,aero_digestive_tract,head_and_neck
SCC-3,910930,blood,B_cell_lymphoma
SCC-4,910904,aero_digestive_tract,head_and_neck
SCC-9,909709,aero_digestive_tract,head_and_neck
SCH,909711,digestive_system,stomach
SCLC-21H,753611,lung,lung_small_cell_carcinoma
SF126,909712,nervous_system,glioma
SF268,905986,nervous_system,glioma
SF295,905985,nervous_system,glioma
SF539,905984,nervous_system,glioma
SH-4,909713,skin,melanoma
SHP-77,724872,lung,lung_small_cell_carcinoma
SIG-M5,909715,blood,acute_myeloid_leukaemia
SIMA,753620,nervous_system,neuroblastoma
SJRH30,909716,soft_tissue,rhabdomyosarcoma
SJSA-1,909717,bone,bone_other
SK-CO-1,909718,digestive_system,large_intestine
SK-HEP-1,909719,digestive_system,liver
SK-LMS-1,909720,soft_tissue,soft_tissue_other
SK-LU-1,909721,lung,lung_NSCLC_adenocarcinoma
SK-MEL-1,909723,skin,melanoma
SK-MEL-2,905955,skin,melanoma
SK-MEL-24,909725,skin,melanoma
SK-MEL-28,905954,skin,melanoma
SK-MEL-3,909724,skin,melanoma
SK-MEL-30,909726,skin,melanoma
SK-MEL-5,905956,skin,melanoma
SK-MES-1,909728,lung,lung_NSCLC_squamous_cell_carcinoma
SK-MG-1,909729,nervous_system,glioma
SK-MM-2,753612,blood,Myeloma
SK-N-AS,724828,nervous_system,neuroblastoma
SK-N-DZ,688086,nervous_system,neuroblastoma
SK-N-FI,688087,nervous_system,neuroblastoma
SK-NEP-1,909730,kidney,kidney
SK-OV-3,905959,urogenital_system,ovary
SK-PN-DW,909731,bone,ewings_sarcoma
SK-UT-1,909732,soft_tissue,soft_tissue_other
SKG-IIIa,930298,urogenital_system,cervix
SKM-1,909722,blood,haematopoietic_neoplasm_other
SN12C,905979,kidney,kidney
SNB75,905982,nervous_system,glioma
SNG-M,909735,urogenital_system,endometrium
SNU-387,909736,digestive_system,liver
SNU-423,909737,digestive_system,liver
SNU-449,909738,digestive_system,liver
SNU-475,909739,digestive_system,liver
SNU-C1,910905,digestive_system,large_intestine
SNU-C2B,909740,digestive_system,large_intestine
SR,905965,blood,lymphoid_neoplasm_other
ST486,910906,blood,Burkitt_lymphoma
SU-DHL-1,909742,blood,anaplastic_large_cell_lymphoma
SUP-T1,909743,blood,lymphoblastic_T_cell_leukaemia
SW1088,909745,nervous_system,glioma
SW1116,909746,digestive_system,large_intestine
SW13,909744,kidney,adrenal_gland
SW1417,909747,digestive_system,large_intestine
SW1463,909748,digestive_system,large_intestine
SW1573,724878,lung,lung_NSCLC_adenocarcinoma
SW1710,909749,urogenital_system,Bladder
SW1783,909750,nervous_system,glioma
SW1990,910907,pancreas,pancreas
SW48,909751,digestive_system,large_intestine
SW620,905962,digestive_system,large_intestine
SW626,909753,urogenital_system,ovary
SW684,909754,soft_tissue,fibrosarcoma
SW756,724839,urogenital_system,cervix
SW780,687457,urogenital_system,Bladder
SW837,909755,digestive_system,large_intestine
SW872,909756,soft_tissue,soft_tissue_other
SW900,724879,lung,lung_NSCLC_squamous_cell_carcinoma
SW948,909757,digestive_system,large_intestine
SW954,924247,urogenital_system,urogenital_system_other
SW962,909758,urogenital_system,urogenital_system_other
SW982,909759,soft_tissue,soft_tissue_other
Saos-2,909707,bone,osteosarcoma
SiHa,930297,urogenital_system,cervix
T-24,724812,urogenital_system,Bladder
T47D,905945,breast,breast
T84,909761,digestive_system,large_intestine
T98G,687586,nervous_system,glioma
TALL-1,909762,blood,lymphoblastic_T_cell_leukaemia
TC-YIK,946357,urogenital_system,cervix
TCCSUP,687459,urogenital_system,Bladder
TE-1,753621,aero_digestive_tract,oesophagus
TE-10,753622,aero_digestive_tract,oesophagus
TE-11,946354,aero_digestive_tract,oesophagus
TE-12,946356,aero_digestive_tract,oesophagus
TE-15,753614,aero_digestive_tract,oesophagus
TE-441-T,924248,soft_tissue,rhabdomyosarcoma
TE-5,735784,aero_digestive_tract,oesophagus
TE-6,946355,aero_digestive_tract,oesophagus
TE-8,753623,aero_digestive_tract,oesophagus
TE-9,946353,aero_digestive_tract,oesophagus
TGBC11TKB,909770,digestive_system,stomach
TGBC1TKB,909769,digestive_system,biliary_tract
TGBC24TKB,910695,digestive_system,biliary_tract
TGW,910780,nervous_system,neuroblastoma
THP-1,909771,blood,acute_myeloid_leukaemia
TI-73,910696,bone,osteosarcoma
TK10,905980,kidney,kidney
TT,930299,thyroid,thyroid
TUR,909773,blood,B_cell_lymphoma
TYK-nu,909774,urogenital_system,ovary
U-118-MG,687588,nervous_system,glioma
U-2-OS,909776,bone,osteosarcoma
U-266,753615,blood,Myeloma
U-698-M,909777,blood,B_cell_leukemia
U-87-MG,687590,nervous_system,glioma
U031,905981,kidney,kidney
U251,905983,nervous_system,glioma
UACC-257,905977,skin,melanoma
UACC-62,905976,skin,melanoma
UACC-812,910910,breast,breast
UACC-893,909778,breast,breast
UM-UC-3,724838,urogenital_system,Bladder
UMC-11,909779,lung,lung_NSCLC_carcinoid
VA-ES-BJ,688121,soft_tissue,soft_tissue_other
VM-CUB-1,909780,urogenital_system,Bladder
VMRC-RCZ,909781,kidney,kidney
WM-115,909784,skin,melanoma
WSU-NHL,909785,blood,lymphoid_neoplasm_other
YAPC,909904,pancreas,pancreas
YH-13,909905,nervous_system,glioma
YKG-1,687592,nervous_system,glioma
YT,946358,blood,lymphoid_neoplasm_other
ZR-75-30,909907,breast,breast
no-10,908452,nervous_system,glioma
no-11,908450,nervous_system,glioma
